	SubjectID1	SubjectID2	Group1	Group2	Distance
0	MN1Mar5	MN1Mar13	post	post	0.599655684
1	MN28Feb4	MN1Mar13	post	post	0.462611008
2	MN28Feb4	MN1Mar5	post	post	0.665672354
3	MN1Mar9	MN1Mar13	post	post	0.660234885
4	MN1Mar9	MN1Mar5	post	post	0.660507611
5	MN1Mar9	MN28Feb4	post	post	0.538752621
6	MN1Mar15	MN1Mar13	post	post	0.754683212
7	MN1Mar15	MN1Mar5	post	post	0.747132119
8	MN1Mar15	MN28Feb4	post	post	0.676854109
9	MN1Mar15	MN1Mar9	post	post	0.328890177
10	MN3Mar3	MN1Mar13	post	post	0.439685002
11	MN3Mar3	MN1Mar5	post	post	0.458912165
12	MN3Mar3	MN28Feb4	post	post	0.498355123
13	MN3Mar3	MN1Mar9	post	post	0.406293146
14	MN3Mar3	MN1Mar15	post	post	0.583581911
15	MN1Mar3	MN1Mar13	post	post	0.43961682
16	MN1Mar3	MN1Mar5	post	post	0.390577326
17	MN1Mar3	MN28Feb4	post	post	0.577854671
18	MN1Mar3	MN1Mar9	post	post	0.595735252
19	MN1Mar3	MN1Mar15	post	post	0.70647894
20	MN1Mar3	MN3Mar3	post	post	0.411628343
21	MN28Feb2	MN1Mar13	post	post	0.660115568
22	MN28Feb2	MN1Mar5	post	post	0.289566537
23	MN28Feb2	MN28Feb4	post	post	0.655683775
24	MN28Feb2	MN1Mar9	post	post	0.703905091
25	MN28Feb2	MN1Mar15	post	post	0.807319277
26	MN28Feb2	MN3Mar3	post	post	0.519747047
27	MN28Feb2	MN1Mar3	post	post	0.52179249
28	MN28Feb3	MN1Mar13	post	post	0.546303714
29	MN28Feb3	MN1Mar5	post	post	0.597201152
30	MN28Feb3	MN28Feb4	post	post	0.502088056
31	MN28Feb3	MN1Mar9	post	post	0.32854927
32	MN28Feb3	MN1Mar15	post	post	0.412599928
33	MN28Feb3	MN3Mar3	post	post	0.347145755
34	MN28Feb3	MN1Mar3	post	post	0.508088022
35	MN28Feb3	MN28Feb2	post	post	0.638467963
36	MN3Mar7	MN1Mar13	post	post	0.473963216
37	MN3Mar7	MN1Mar5	post	post	0.548110522
38	MN3Mar7	MN28Feb4	post	post	0.384815995
39	MN3Mar7	MN1Mar9	post	post	0.35476503
40	MN3Mar7	MN1Mar15	post	post	0.507167573
41	MN3Mar7	MN3Mar3	post	post	0.35381049
42	MN3Mar7	MN1Mar3	post	post	0.472020045
43	MN3Mar7	MN28Feb2	post	post	0.606047693
44	MN3Mar7	MN28Feb3	post	post	0.34312305
45	MN1Mar8	MN1Mar13	post	post	0.382276237
46	MN1Mar8	MN1Mar5	post	post	0.546849166
47	MN1Mar8	MN28Feb4	post	post	0.342066238
48	MN1Mar8	MN1Mar9	post	post	0.508786882
49	MN1Mar8	MN1Mar15	post	post	0.636200931
50	MN1Mar8	MN3Mar3	post	post	0.376617178
51	MN1Mar8	MN1Mar3	post	post	0.430020284
52	MN1Mar8	MN28Feb2	post	post	0.611416981
53	MN1Mar8	MN28Feb3	post	post	0.460190567
54	MN1Mar8	MN3Mar7	post	post	0.29543014
55	MN1Mar4	MN1Mar13	post	post	0.636371384
56	MN1Mar4	MN1Mar5	post	post	0.649138357
57	MN1Mar4	MN28Feb4	post	post	0.580036477
58	MN1Mar4	MN1Mar9	post	post	0.358293419
59	MN1Mar4	MN1Mar15	post	post	0.428946426
60	MN1Mar4	MN3Mar3	post	post	0.479929091
61	MN1Mar4	MN1Mar3	post	post	0.565070653
62	MN1Mar4	MN28Feb2	post	post	0.730956074
63	MN1Mar4	MN28Feb3	post	post	0.350571872
64	MN1Mar4	MN3Mar7	post	post	0.439565684
65	MN1Mar4	MN1Mar8	post	post	0.5439685
66	MN1Mar6	MN1Mar13	post	post	0.43554298
67	MN1Mar6	MN1Mar5	post	post	0.407690865
68	MN1Mar6	MN28Feb4	post	post	0.556462747
69	MN1Mar6	MN1Mar9	post	post	0.617348765
70	MN1Mar6	MN1Mar15	post	post	0.724189067
71	MN1Mar6	MN3Mar3	post	post	0.347520753
72	MN1Mar6	MN1Mar3	post	post	0.345185539
73	MN1Mar6	MN28Feb2	post	post	0.485127925
74	MN1Mar6	MN28Feb3	post	post	0.511377776
75	MN1Mar6	MN3Mar7	post	post	0.462099647
76	MN1Mar6	MN1Mar8	post	post	0.399696593
77	MN1Mar6	MN1Mar4	post	post	0.592172772
78	MN1Mar14	MN1Mar13	post	post	0.457156493
79	MN1Mar14	MN1Mar5	post	post	0.547343481
80	MN1Mar14	MN28Feb4	post	post	0.486150647
81	MN1Mar14	MN1Mar9	post	post	0.421241925
82	MN1Mar14	MN1Mar15	post	post	0.544871904
83	MN1Mar14	MN3Mar3	post	post	0.358395691
84	MN1Mar14	MN1Mar3	post	post	0.48511088
85	MN1Mar14	MN28Feb2	post	post	0.648354271
86	MN1Mar14	MN28Feb3	post	post	0.355736615
87	MN1Mar14	MN3Mar7	post	post	0.302026693
88	MN1Mar14	MN1Mar8	post	post	0.415821501
89	MN1Mar14	MN1Mar4	post	post	0.379668297
90	MN1Mar14	MN1Mar6	post	post	0.4736564
91	MN1Mar11	MN1Mar13	post	post	0.539178755
92	MN1Mar11	MN1Mar5	post	post	0.41006017
93	MN1Mar11	MN28Feb4	post	post	0.631445276
94	MN1Mar11	MN1Mar9	post	post	0.507593707
95	MN1Mar11	MN1Mar15	post	post	0.578689894
96	MN1Mar11	MN3Mar3	post	post	0.403889751
97	MN1Mar11	MN1Mar3	post	post	0.30211192
98	MN1Mar11	MN28Feb2	post	post	0.559991136
99	MN1Mar11	MN28Feb3	post	post	0.424838495
100	MN1Mar11	MN3Mar7	post	post	0.521383401
101	MN1Mar11	MN1Mar8	post	post	0.501798285
102	MN1Mar11	MN1Mar4	post	post	0.443571343
103	MN1Mar11	MN1Mar6	post	post	0.433292993
104	MN1Mar11	MN1Mar14	post	post	0.487037005
105	MN1Mar12	MN1Mar13	post	post	0.367054733
106	MN1Mar12	MN1Mar5	post	post	0.476946154
107	MN1Mar12	MN28Feb4	post	post	0.450440622
108	MN1Mar12	MN1Mar9	post	post	0.490531304
109	MN1Mar12	MN1Mar15	post	post	0.619087392
110	MN1Mar12	MN3Mar3	post	post	0.261151925
111	MN1Mar12	MN1Mar3	post	post	0.376668314
112	MN1Mar12	MN28Feb2	post	post	0.537951489
113	MN1Mar12	MN28Feb3	post	post	0.374997869
114	MN1Mar12	MN3Mar7	post	post	0.378458077
115	MN1Mar12	MN1Mar8	post	post	0.355071846
116	MN1Mar12	MN1Mar4	post	post	0.494468781
117	MN1Mar12	MN1Mar6	post	post	0.358395691
118	MN1Mar12	MN1Mar14	post	post	0.399935228
119	MN1Mar12	MN1Mar11	post	post	0.394975029
120	MN28Feb5	MN1Mar13	post	post	0.527945864
121	MN28Feb5	MN1Mar5	post	post	0.580326248
122	MN28Feb5	MN28Feb4	post	post	0.540917381
123	MN28Feb5	MN1Mar9	post	post	0.427344163
124	MN28Feb5	MN1Mar15	post	post	0.469429151
125	MN28Feb5	MN3Mar3	post	post	0.378816029
126	MN28Feb5	MN1Mar3	post	post	0.493616514
127	MN28Feb5	MN28Feb2	post	post	0.662774643
128	MN28Feb5	MN28Feb3	post	post	0.348918472
129	MN28Feb5	MN3Mar7	post	post	0.442275896
130	MN28Feb5	MN1Mar8	post	post	0.469889376
131	MN28Feb5	MN1Mar4	post	post	0.446844052
132	MN28Feb5	MN1Mar6	post	post	0.496514224
133	MN28Feb5	MN1Mar14	post	post	0.435014574
134	MN28Feb5	MN1Mar11	post	post	0.386435304
135	MN28Feb5	MN1Mar12	post	post	0.378287623
136	MN28Feb7	MN1Mar13	post	post	0.655394003
137	MN28Feb7	MN1Mar5	post	post	0.727632229
138	MN28Feb7	MN28Feb4	post	post	0.580019432
139	MN28Feb7	MN1Mar9	post	post	0.355054801
140	MN28Feb7	MN1Mar15	post	post	0.364037704
141	MN28Feb7	MN3Mar3	post	post	0.478923415
142	MN28Feb7	MN1Mar3	post	post	0.65261561
143	MN28Feb7	MN28Feb2	post	post	0.761927489
144	MN28Feb7	MN28Feb3	post	post	0.365980875
145	MN28Feb7	MN3Mar7	post	post	0.475139346
146	MN28Feb7	MN1Mar8	post	post	0.571070619
147	MN28Feb7	MN1Mar4	post	post	0.39386708
148	MN28Feb7	MN1Mar6	post	post	0.643854296
149	MN28Feb7	MN1Mar14	post	post	0.484105204
150	MN28Feb7	MN1Mar11	post	post	0.543951455
151	MN28Feb7	MN1Mar12	post	post	0.504286907
152	MN28Feb7	MN28Feb5	post	post	0.316924336
153	MN1Mar13	MN9Mar1	post	pre	0.346327578
154	MN1Mar13	MN10Mar9	post	pre	0.478599553
155	MN1Mar13	MN8Mar2	post	pre	0.385293265
156	MN1Mar13	MN10Mar8	post	pre	0.696081272
157	MN1Mar13	MN9Mar3	post	pre	0.566042238
158	MN1Mar13	MN8Mar1	post	pre	0.497588082
159	MN1Mar13	MN10Mar4	post	pre	0.340617383
160	MN1Mar13	MN8Mar6	post	pre	0.394685257
161	MN1Mar13	MN9Mar7	post	pre	0.581212607
162	MN1Mar13	MN9Mar2	post	pre	0.433991852
163	MN1Mar13	MN9Mar6	post	pre	0.367446776
164	MN1Mar13	MN9Mar8	post	pre	0.784495543
165	MN1Mar13	MN9Mar4	post	pre	0.517667513
166	MN1Mar13	MN3Mar8	post	pre	0.536621951
167	MN1Mar13	MN10Mar2	post	pre	0.650058806
168	MN1Mar13	MN8Mar3	post	pre	0.505889171
169	MN1Mar13	MN8Mar8	post	pre	0.578792166
170	MN1Mar13	MN8Mar5	post	pre	0.494264237
171	MN1Mar5	MN9Mar1	post	pre	0.588712564
172	MN1Mar5	MN10Mar9	post	pre	0.290810848
173	MN1Mar5	MN8Mar2	post	pre	0.65261561
174	MN1Mar5	MN10Mar8	post	pre	0.711166414
175	MN1Mar5	MN9Mar3	post	pre	0.687098369
176	MN1Mar5	MN8Mar1	post	pre	0.476537065
177	MN1Mar5	MN10Mar4	post	pre	0.574991051
178	MN1Mar5	MN8Mar6	post	pre	0.499957387
179	MN1Mar5	MN9Mar7	post	pre	0.550479827
180	MN1Mar5	MN9Mar2	post	pre	0.59827501
181	MN1Mar5	MN9Mar6	post	pre	0.593382992
182	MN1Mar5	MN9Mar8	post	pre	0.7648252
183	MN1Mar5	MN9Mar4	post	pre	0.655462185
184	MN1Mar5	MN3Mar8	post	pre	0.655019006
185	MN1Mar5	MN10Mar2	post	pre	0.695075596
186	MN1Mar5	MN8Mar3	post	pre	0.516286839
187	MN1Mar5	MN8Mar8	post	pre	0.391276186
188	MN1Mar5	MN8Mar5	post	pre	0.696251726
189	MN28Feb4	MN9Mar1	post	pre	0.558218419
190	MN28Feb4	MN10Mar9	post	pre	0.613121516
191	MN28Feb4	MN8Mar2	post	pre	0.272640496
192	MN28Feb4	MN10Mar8	post	pre	0.626433941
193	MN28Feb4	MN9Mar3	post	pre	0.508872109
194	MN28Feb4	MN8Mar1	post	pre	0.655274686
195	MN28Feb4	MN10Mar4	post	pre	0.441798626
196	MN28Feb4	MN8Mar6	post	pre	0.609882898
197	MN28Feb4	MN9Mar7	post	pre	0.618814666
198	MN28Feb4	MN9Mar2	post	pre	0.381219425
199	MN28Feb4	MN9Mar6	post	pre	0.370327441
200	MN28Feb4	MN9Mar8	post	pre	0.714251624
201	MN28Feb4	MN9Mar4	post	pre	0.432338453
202	MN28Feb4	MN3Mar8	post	pre	0.43102596
203	MN28Feb4	MN10Mar2	post	pre	0.592820495
204	MN28Feb4	MN8Mar3	post	pre	0.623416912
205	MN28Feb4	MN8Mar8	post	pre	0.601172721
206	MN28Feb4	MN8Mar5	post	pre	0.52465611
207	MN1Mar9	MN9Mar1	post	pre	0.724598156
208	MN1Mar9	MN10Mar9	post	pre	0.619343072
209	MN1Mar9	MN8Mar2	post	pre	0.587468253
210	MN1Mar9	MN10Mar8	post	pre	0.22467486
211	MN1Mar9	MN9Mar3	post	pre	0.313702763
212	MN1Mar9	MN8Mar1	post	pre	0.54349123
213	MN1Mar9	MN10Mar4	post	pre	0.418599894
214	MN1Mar9	MN8Mar6	post	pre	0.694427873
215	MN1Mar9	MN9Mar7	post	pre	0.50203692
216	MN1Mar9	MN9Mar2	post	pre	0.502411918
217	MN1Mar9	MN9Mar6	post	pre	0.515417526
218	MN1Mar9	MN9Mar8	post	pre	0.442139533
219	MN1Mar9	MN9Mar4	post	pre	0.401776126
220	MN1Mar9	MN3Mar8	post	pre	0.299469889
221	MN1Mar9	MN10Mar2	post	pre	0.234833893
222	MN1Mar9	MN8Mar3	post	pre	0.530979938
223	MN1Mar9	MN8Mar8	post	pre	0.433821399
224	MN1Mar9	MN8Mar5	post	pre	0.447287231
225	MN1Mar15	MN9Mar1	post	pre	0.810813575
226	MN1Mar15	MN10Mar9	post	pre	0.717353879
227	MN1Mar15	MN8Mar2	post	pre	0.709172107
228	MN1Mar15	MN10Mar8	post	pre	0.309833467
229	MN1Mar15	MN9Mar3	post	pre	0.373617195
230	MN1Mar15	MN8Mar1	post	pre	0.694683553
231	MN1Mar15	MN10Mar4	post	pre	0.509451651
232	MN1Mar15	MN8Mar6	post	pre	0.795353435
233	MN1Mar15	MN9Mar7	post	pre	0.525116335
234	MN1Mar15	MN9Mar2	post	pre	0.636183885
235	MN1Mar15	MN9Mar6	post	pre	0.65977466
236	MN1Mar15	MN9Mar8	post	pre	0.341623059
237	MN1Mar15	MN9Mar4	post	pre	0.55300254
238	MN1Mar15	MN3Mar8	post	pre	0.474014352
239	MN1Mar15	MN10Mar2	post	pre	0.310515281
240	MN1Mar15	MN8Mar3	post	pre	0.586990983
241	MN1Mar15	MN8Mar8	post	pre	0.490446077
242	MN1Mar15	MN8Mar5	post	pre	0.482843847
243	MN3Mar3	MN9Mar1	post	pre	0.558815007
244	MN3Mar3	MN10Mar9	post	pre	0.411849933
245	MN3Mar3	MN8Mar2	post	pre	0.456304226
246	MN3Mar3	MN10Mar8	post	pre	0.428810064
247	MN3Mar3	MN9Mar3	post	pre	0.439378185
248	MN3Mar3	MN8Mar1	post	pre	0.355890023
249	MN3Mar3	MN10Mar4	post	pre	0.331003801
250	MN3Mar3	MN8Mar6	post	pre	0.472821177
251	MN3Mar3	MN9Mar7	post	pre	0.403685206
252	MN3Mar3	MN9Mar2	post	pre	0.392707996
253	MN3Mar3	MN9Mar6	post	pre	0.371401299
254	MN3Mar3	MN9Mar8	post	pre	0.618218078
255	MN3Mar3	MN9Mar4	post	pre	0.458843984
256	MN3Mar3	MN3Mar8	post	pre	0.367702456
257	MN3Mar3	MN10Mar2	post	pre	0.468576883
258	MN3Mar3	MN8Mar3	post	pre	0.427293027
259	MN3Mar3	MN8Mar8	post	pre	0.32785041
260	MN3Mar3	MN8Mar5	post	pre	0.425247584
261	MN1Mar3	MN9Mar1	post	pre	0.385787581
262	MN1Mar3	MN10Mar9	post	pre	0.251640616
263	MN1Mar3	MN8Mar2	post	pre	0.555559343
264	MN1Mar3	MN10Mar8	post	pre	0.65452469
265	MN1Mar3	MN9Mar3	post	pre	0.59592275
266	MN1Mar3	MN8Mar1	post	pre	0.295310822
267	MN1Mar3	MN10Mar4	post	pre	0.446145192
268	MN1Mar3	MN8Mar6	post	pre	0.299163073
269	MN1Mar3	MN9Mar7	post	pre	0.454974688
270	MN1Mar3	MN9Mar2	post	pre	0.477406378
271	MN1Mar3	MN9Mar6	post	pre	0.501696013
272	MN1Mar3	MN9Mar8	post	pre	0.723575434
273	MN1Mar3	MN9Mar4	post	pre	0.562462713
274	MN1Mar3	MN3Mar8	post	pre	0.53658786
275	MN1Mar3	MN10Mar2	post	pre	0.614229465
276	MN1Mar3	MN8Mar3	post	pre	0.404776109
277	MN1Mar3	MN8Mar8	post	pre	0.390645508
278	MN1Mar3	MN8Mar5	post	pre	0.607257913
279	MN28Feb2	MN9Mar1	post	pre	0.676206385
280	MN28Feb2	MN10Mar9	post	pre	0.483917705
281	MN28Feb2	MN8Mar2	post	pre	0.669405287
282	MN28Feb2	MN10Mar8	post	pre	0.748751428
283	MN28Feb2	MN9Mar3	post	pre	0.720217499
284	MN28Feb2	MN8Mar1	post	pre	0.568922904
285	MN28Feb2	MN10Mar4	post	pre	0.644655428
286	MN28Feb2	MN8Mar6	post	pre	0.415378322
287	MN28Feb2	MN9Mar7	post	pre	0.622445327
288	MN28Feb2	MN9Mar2	post	pre	0.628104386
289	MN28Feb2	MN9Mar6	post	pre	0.640530452
290	MN28Feb2	MN9Mar8	post	pre	0.82988733
291	MN28Feb2	MN9Mar4	post	pre	0.679564321
292	MN28Feb2	MN3Mar8	post	pre	0.692927881
293	MN28Feb2	MN10Mar2	post	pre	0.749825285
294	MN28Feb2	MN8Mar3	post	pre	0.635672525
295	MN28Feb2	MN8Mar8	post	pre	0.506281214
296	MN28Feb2	MN8Mar5	post	pre	0.71815501
297	MN28Feb3	MN9Mar1	post	pre	0.617502173
298	MN28Feb3	MN10Mar9	post	pre	0.514275487
299	MN28Feb3	MN8Mar2	post	pre	0.497144903
300	MN28Feb3	MN10Mar8	post	pre	0.365060426
301	MN28Feb3	MN9Mar3	post	pre	0.348492338
302	MN28Feb3	MN8Mar1	post	pre	0.494298328
303	MN28Feb3	MN10Mar4	post	pre	0.299486935
304	MN28Feb3	MN8Mar6	post	pre	0.585593264
305	MN28Feb3	MN9Mar7	post	pre	0.407656775
306	MN28Feb3	MN9Mar2	post	pre	0.436872518
307	MN28Feb3	MN9Mar6	post	pre	0.467895069
308	MN28Feb3	MN9Mar8	post	pre	0.504014182
309	MN28Feb3	MN9Mar4	post	pre	0.436633883
310	MN28Feb3	MN3Mar8	post	pre	0.310822098
311	MN28Feb3	MN10Mar2	post	pre	0.311793683
312	MN28Feb3	MN8Mar3	post	pre	0.397242061
313	MN28Feb3	MN8Mar8	post	pre	0.344810541
314	MN28Feb3	MN8Mar5	post	pre	0.331958341
315	MN3Mar7	MN9Mar1	post	pre	0.588388702
316	MN3Mar7	MN10Mar9	post	pre	0.479997273
317	MN3Mar7	MN8Mar2	post	pre	0.423577139
318	MN3Mar7	MN10Mar8	post	pre	0.458724666
319	MN3Mar7	MN9Mar3	post	pre	0.393628445
320	MN3Mar7	MN8Mar1	post	pre	0.52347998
321	MN3Mar7	MN10Mar4	post	pre	0.374435373
322	MN3Mar7	MN8Mar6	post	pre	0.582576235
323	MN3Mar7	MN9Mar7	post	pre	0.466616667
324	MN3Mar7	MN9Mar2	post	pre	0.283225663
325	MN3Mar7	MN9Mar6	post	pre	0.298839211
326	MN3Mar7	MN9Mar8	post	pre	0.568360407
327	MN3Mar7	MN9Mar4	post	pre	0.328208362
328	MN3Mar7	MN3Mar8	post	pre	0.288816541
329	MN3Mar7	MN10Mar2	post	pre	0.409548809
330	MN3Mar7	MN8Mar3	post	pre	0.54180374
331	MN3Mar7	MN8Mar8	post	pre	0.423406685
332	MN3Mar7	MN8Mar5	post	pre	0.476707519
333	MN1Mar8	MN9Mar1	post	pre	0.482656349
334	MN1Mar8	MN10Mar9	post	pre	0.461826921
335	MN1Mar8	MN8Mar2	post	pre	0.366083147
336	MN1Mar8	MN10Mar8	post	pre	0.599502276
337	MN1Mar8	MN9Mar3	post	pre	0.478309782
338	MN1Mar8	MN8Mar1	post	pre	0.512826632
339	MN1Mar8	MN10Mar4	post	pre	0.325668604
340	MN1Mar8	MN8Mar6	post	pre	0.499497162
341	MN1Mar8	MN9Mar7	post	pre	0.511786865
342	MN1Mar8	MN9Mar2	post	pre	0.308401657
343	MN1Mar8	MN9Mar6	post	pre	0.285987011
344	MN1Mar8	MN9Mar8	post	pre	0.711660729
345	MN1Mar8	MN9Mar4	post	pre	0.375747865
346	MN1Mar8	MN3Mar8	post	pre	0.39100346
347	MN1Mar8	MN10Mar2	post	pre	0.52061636
348	MN1Mar8	MN8Mar3	post	pre	0.490667667
349	MN1Mar8	MN8Mar8	post	pre	0.474781393
350	MN1Mar8	MN8Mar5	post	pre	0.510065284
351	MN1Mar4	MN9Mar1	post	pre	0.707672115
352	MN1Mar4	MN10Mar9	post	pre	0.569655854
353	MN1Mar4	MN8Mar2	post	pre	0.5951898
354	MN1Mar4	MN10Mar8	post	pre	0.412276067
355	MN1Mar4	MN9Mar3	post	pre	0.402389759
356	MN1Mar4	MN8Mar1	post	pre	0.610257896
357	MN1Mar4	MN10Mar4	post	pre	0.437554332
358	MN1Mar4	MN8Mar6	post	pre	0.682257487
359	MN1Mar4	MN9Mar7	post	pre	0.566672917
360	MN1Mar4	MN9Mar2	post	pre	0.523309527
361	MN1Mar4	MN9Mar6	post	pre	0.55659911
362	MN1Mar4	MN9Mar8	post	pre	0.347367345
363	MN1Mar4	MN9Mar4	post	pre	0.466429168
364	MN1Mar4	MN3Mar8	post	pre	0.403906796
365	MN1Mar4	MN10Mar2	post	pre	0.354372987
366	MN1Mar4	MN8Mar3	post	pre	0.556190022
367	MN1Mar4	MN8Mar8	post	pre	0.497230129
368	MN1Mar4	MN8Mar5	post	pre	0.459900796
369	MN1Mar6	MN9Mar1	post	pre	0.552491179
370	MN1Mar6	MN10Mar9	post	pre	0.280157499
371	MN1Mar6	MN8Mar2	post	pre	0.519389094
372	MN1Mar6	MN10Mar8	post	pre	0.662911006
373	MN1Mar6	MN9Mar3	post	pre	0.592479588
374	MN1Mar6	MN8Mar1	post	pre	0.483184755
375	MN1Mar6	MN10Mar4	post	pre	0.443281572
376	MN1Mar6	MN8Mar6	post	pre	0.455520139
377	MN1Mar6	MN9Mar7	post	pre	0.514309578
378	MN1Mar6	MN9Mar2	post	pre	0.42504304
379	MN1Mar6	MN9Mar6	post	pre	0.447133823
380	MN1Mar6	MN9Mar8	post	pre	0.747643479
381	MN1Mar6	MN9Mar4	post	pre	0.506417577
382	MN1Mar6	MN3Mar8	post	pre	0.514428895
383	MN1Mar6	MN10Mar2	post	pre	0.618201033
384	MN1Mar6	MN8Mar3	post	pre	0.481480219
385	MN1Mar6	MN8Mar8	post	pre	0.346736666
386	MN1Mar6	MN8Mar5	post	pre	0.577513764
387	MN1Mar14	MN9Mar1	post	pre	0.604309066
388	MN1Mar14	MN10Mar9	post	pre	0.450764484
389	MN1Mar14	MN8Mar2	post	pre	0.478054102
390	MN1Mar14	MN10Mar8	post	pre	0.483014301
391	MN1Mar14	MN9Mar3	post	pre	0.394225033
392	MN1Mar14	MN8Mar1	post	pre	0.536860586
393	MN1Mar14	MN10Mar4	post	pre	0.337770808
394	MN1Mar14	MN8Mar6	post	pre	0.579235345
395	MN1Mar14	MN9Mar7	post	pre	0.52395725
396	MN1Mar14	MN9Mar2	post	pre	0.413281743
397	MN1Mar14	MN9Mar6	post	pre	0.415037415
398	MN1Mar14	MN9Mar8	post	pre	0.572672883
399	MN1Mar14	MN9Mar4	post	pre	0.355054801
400	MN1Mar14	MN3Mar8	post	pre	0.342526463
401	MN1Mar14	MN10Mar2	post	pre	0.437111153
402	MN1Mar14	MN8Mar3	post	pre	0.521945898
403	MN1Mar14	MN8Mar8	post	pre	0.459253072
404	MN1Mar14	MN8Mar5	post	pre	0.416094227
405	MN1Mar11	MN9Mar1	post	pre	0.554315032
406	MN1Mar11	MN10Mar9	post	pre	0.310873234
407	MN1Mar11	MN8Mar2	post	pre	0.599212504
408	MN1Mar11	MN10Mar8	post	pre	0.56970699
409	MN1Mar11	MN9Mar3	post	pre	0.504184635
410	MN1Mar11	MN8Mar1	post	pre	0.394514804
411	MN1Mar11	MN10Mar4	post	pre	0.422605553
412	MN1Mar11	MN8Mar6	post	pre	0.460224658
413	MN1Mar11	MN9Mar7	post	pre	0.458093988
414	MN1Mar11	MN9Mar2	post	pre	0.538667394
415	MN1Mar11	MN9Mar6	post	pre	0.542349191
416	MN1Mar11	MN9Mar8	post	pre	0.643445208
417	MN1Mar11	MN9Mar4	post	pre	0.610036307
418	MN1Mar11	MN3Mar8	post	pre	0.540269658
419	MN1Mar11	MN10Mar2	post	pre	0.495167641
420	MN1Mar11	MN8Mar3	post	pre	0.349054835
421	MN1Mar11	MN8Mar8	post	pre	0.324679973
422	MN1Mar11	MN8Mar5	post	pre	0.48463361
423	MN1Mar12	MN9Mar1	post	pre	0.484037023
424	MN1Mar12	MN10Mar9	post	pre	0.413009017
425	MN1Mar12	MN8Mar2	post	pre	0.393594355
426	MN1Mar12	MN10Mar8	post	pre	0.547070755
427	MN1Mar12	MN9Mar3	post	pre	0.43602025
428	MN1Mar12	MN8Mar1	post	pre	0.447082687
429	MN1Mar12	MN10Mar4	post	pre	0.302930097
430	MN1Mar12	MN8Mar6	post	pre	0.41314538
431	MN1Mar12	MN9Mar7	post	pre	0.463684865
432	MN1Mar12	MN9Mar2	post	pre	0.337566264
433	MN1Mar12	MN9Mar6	post	pre	0.375781956
434	MN1Mar12	MN9Mar8	post	pre	0.690916529
435	MN1Mar12	MN9Mar4	post	pre	0.479588184
436	MN1Mar12	MN3Mar8	post	pre	0.383963727
437	MN1Mar12	MN10Mar2	post	pre	0.521144766
438	MN1Mar12	MN8Mar3	post	pre	0.347827569
439	MN1Mar12	MN8Mar8	post	pre	0.351066187
440	MN1Mar12	MN8Mar5	post	pre	0.421804422
441	MN28Feb5	MN9Mar1	post	pre	0.606968142
442	MN28Feb5	MN10Mar9	post	pre	0.551280959
443	MN28Feb5	MN8Mar2	post	pre	0.506588031
444	MN28Feb5	MN10Mar8	post	pre	0.454974688
445	MN28Feb5	MN9Mar3	post	pre	0.359162732
446	MN28Feb5	MN8Mar1	post	pre	0.520207272
447	MN28Feb5	MN10Mar4	post	pre	0.348748018
448	MN28Feb5	MN8Mar6	post	pre	0.591286413
449	MN28Feb5	MN9Mar7	post	pre	0.517923194
450	MN28Feb5	MN9Mar2	post	pre	0.423048733
451	MN28Feb5	MN9Mar6	post	pre	0.472173454
452	MN28Feb5	MN9Mar8	post	pre	0.591883001
453	MN28Feb5	MN9Mar4	post	pre	0.545195766
454	MN28Feb5	MN3Mar8	post	pre	0.405884057
455	MN28Feb5	MN10Mar2	post	pre	0.429764604
456	MN28Feb5	MN8Mar3	post	pre	0.33427651
457	MN28Feb5	MN8Mar8	post	pre	0.374264919
458	MN28Feb5	MN8Mar5	post	pre	0.284469975
459	MN28Feb7	MN9Mar1	post	pre	0.739785569
460	MN28Feb7	MN10Mar9	post	pre	0.687456321
461	MN28Feb7	MN8Mar2	post	pre	0.592257999
462	MN28Feb7	MN10Mar8	post	pre	0.361753626
463	MN28Feb7	MN9Mar3	post	pre	0.332810609
464	MN28Feb7	MN8Mar1	post	pre	0.642098624
465	MN28Feb7	MN10Mar4	post	pre	0.451974705
466	MN28Feb7	MN8Mar6	post	pre	0.729865171
467	MN28Feb7	MN9Mar7	post	pre	0.608655633
468	MN28Feb7	MN9Mar2	post	pre	0.511088005
469	MN28Feb7	MN9Mar6	post	pre	0.543525321
470	MN28Feb7	MN9Mar8	post	pre	0.521042494
471	MN28Feb7	MN9Mar4	post	pre	0.509332333
472	MN28Feb7	MN3Mar8	post	pre	0.345015085
473	MN28Feb7	MN10Mar2	post	pre	0.289617673
474	MN28Feb7	MN8Mar3	post	pre	0.451326981
475	MN28Feb7	MN8Mar8	post	pre	0.492815382
476	MN28Feb7	MN8Mar5	post	pre	0.27949273
0	MN10Mar9	MN9Mar1	pre	pre	0.493241516
1	MN8Mar2	MN9Mar1	pre	pre	0.479145005
2	MN8Mar2	MN10Mar9	pre	pre	0.582848961
3	MN10Mar8	MN9Mar1	pre	pre	0.75770024
4	MN10Mar8	MN10Mar9	pre	pre	0.680297271
5	MN10Mar8	MN8Mar2	pre	pre	0.646359964
6	MN9Mar3	MN9Mar1	pre	pre	0.666575758
7	MN9Mar3	MN10Mar9	pre	pre	0.61589991
8	MN9Mar3	MN8Mar2	pre	pre	0.496224453
9	MN9Mar3	MN10Mar8	pre	pre	0.355651388
10	MN8Mar1	MN9Mar1	pre	pre	0.434503213
11	MN8Mar1	MN10Mar9	pre	pre	0.394736394
12	MN8Mar1	MN8Mar2	pre	pre	0.63499071
13	MN8Mar1	MN10Mar8	pre	pre	0.529514037
14	MN8Mar1	MN9Mar3	pre	pre	0.621166925
15	MN10Mar4	MN9Mar1	pre	pre	0.480457497
16	MN10Mar4	MN10Mar9	pre	pre	0.463616684
17	MN10Mar4	MN8Mar2	pre	pre	0.409514719
18	MN10Mar4	MN10Mar8	pre	pre	0.474014352
19	MN10Mar4	MN9Mar3	pre	pre	0.34455486
20	MN10Mar4	MN8Mar1	pre	pre	0.474372305
21	MN8Mar6	MN9Mar1	pre	pre	0.398776143
22	MN8Mar6	MN10Mar9	pre	pre	0.406685189
23	MN8Mar6	MN8Mar2	pre	pre	0.551246868
24	MN8Mar6	MN10Mar8	pre	pre	0.741507151
25	MN8Mar6	MN9Mar3	pre	pre	0.647536094
26	MN8Mar6	MN8Mar1	pre	pre	0.36504338
27	MN8Mar6	MN10Mar4	pre	pre	0.490309714
28	MN9Mar7	MN9Mar1	pre	pre	0.59496821
29	MN9Mar7	MN10Mar9	pre	pre	0.450542895
30	MN9Mar7	MN8Mar2	pre	pre	0.585030767
31	MN9Mar7	MN10Mar8	pre	pre	0.511019824
32	MN9Mar7	MN9Mar3	pre	pre	0.56445702
33	MN9Mar7	MN8Mar1	pre	pre	0.435935023
34	MN9Mar7	MN10Mar4	pre	pre	0.433685036
35	MN9Mar7	MN8Mar6	pre	pre	0.55395708
36	MN9Mar2	MN9Mar1	pre	pre	0.51705388
37	MN9Mar2	MN10Mar9	pre	pre	0.506161897
38	MN9Mar2	MN8Mar2	pre	pre	0.360304771
39	MN9Mar2	MN10Mar8	pre	pre	0.565207016
40	MN9Mar2	MN9Mar3	pre	pre	0.443230436
41	MN9Mar2	MN8Mar1	pre	pre	0.537610582
42	MN9Mar2	MN10Mar4	pre	pre	0.362639985
43	MN9Mar2	MN8Mar6	pre	pre	0.566314964
44	MN9Mar2	MN9Mar7	pre	pre	0.514872075
45	MN9Mar6	MN9Mar1	pre	pre	0.501900557
46	MN9Mar6	MN10Mar9	pre	pre	0.516337975
47	MN9Mar6	MN8Mar2	pre	pre	0.349924148
48	MN9Mar6	MN10Mar8	pre	pre	0.586718257
49	MN9Mar6	MN9Mar3	pre	pre	0.440111136
50	MN9Mar6	MN8Mar1	pre	pre	0.550275283
51	MN9Mar6	MN10Mar4	pre	pre	0.329128812
52	MN9Mar6	MN8Mar6	pre	pre	0.547411662
53	MN9Mar6	MN9Mar7	pre	pre	0.513764126
54	MN9Mar6	MN9Mar2	pre	pre	0.248708814
55	MN9Mar8	MN9Mar1	pre	pre	0.845211107
56	MN9Mar8	MN10Mar9	pre	pre	0.74220601
57	MN9Mar8	MN8Mar2	pre	pre	0.739393526
58	MN9Mar8	MN10Mar8	pre	pre	0.405952239
59	MN9Mar8	MN9Mar3	pre	pre	0.543082142
60	MN9Mar8	MN8Mar1	pre	pre	0.727120869
61	MN9Mar8	MN10Mar4	pre	pre	0.607786319
62	MN9Mar8	MN8Mar6	pre	pre	0.821211243
63	MN9Mar8	MN9Mar7	pre	pre	0.581792149
64	MN9Mar8	MN9Mar2	pre	pre	0.697717627
65	MN9Mar8	MN9Mar6	pre	pre	0.704263044
66	MN9Mar4	MN9Mar1	pre	pre	0.677535923
67	MN9Mar4	MN10Mar9	pre	pre	0.582508054
68	MN9Mar4	MN8Mar2	pre	pre	0.499821024
69	MN9Mar4	MN10Mar8	pre	pre	0.50846302
70	MN9Mar4	MN9Mar3	pre	pre	0.422298737
71	MN9Mar4	MN8Mar1	pre	pre	0.637445242
72	MN9Mar4	MN10Mar4	pre	pre	0.378048988
73	MN9Mar4	MN8Mar6	pre	pre	0.646871325
74	MN9Mar4	MN9Mar7	pre	pre	0.612320385
75	MN9Mar4	MN9Mar2	pre	pre	0.400548861
76	MN9Mar4	MN9Mar6	pre	pre	0.358157056
77	MN9Mar4	MN9Mar8	pre	pre	0.61854194
78	MN3Mar8	MN9Mar1	pre	pre	0.654149692
79	MN3Mar8	MN10Mar9	pre	pre	0.550053693
80	MN3Mar8	MN8Mar2	pre	pre	0.452383793
81	MN3Mar8	MN10Mar8	pre	pre	0.396867063
82	MN3Mar8	MN9Mar3	pre	pre	0.268703019
83	MN3Mar8	MN8Mar1	pre	pre	0.559803637
84	MN3Mar8	MN10Mar4	pre	pre	0.319020915
85	MN3Mar8	MN8Mar6	pre	pre	0.632331634
86	MN3Mar8	MN9Mar7	pre	pre	0.513576627
87	MN3Mar8	MN9Mar2	pre	pre	0.336304907
88	MN3Mar8	MN9Mar6	pre	pre	0.367139959
89	MN3Mar8	MN9Mar8	pre	pre	0.585064858
90	MN3Mar8	MN9Mar4	pre	pre	0.301583514
91	MN10Mar2	MN9Mar1	pre	pre	0.728995858
92	MN10Mar2	MN10Mar9	pre	pre	0.615934
93	MN10Mar2	MN8Mar2	pre	pre	0.602928392
94	MN10Mar2	MN10Mar8	pre	pre	0.284538156
95	MN10Mar2	MN9Mar3	pre	pre	0.323060664
96	MN10Mar2	MN8Mar1	pre	pre	0.586922802
97	MN10Mar2	MN10Mar4	pre	pre	0.397753422
98	MN10Mar2	MN8Mar6	pre	pre	0.705626673
99	MN10Mar2	MN9Mar7	pre	pre	0.503196005
100	MN10Mar2	MN9Mar2	pre	pre	0.51415617
101	MN10Mar2	MN9Mar6	pre	pre	0.526292464
102	MN10Mar2	MN9Mar8	pre	pre	0.458861029
103	MN10Mar2	MN9Mar4	pre	pre	0.446946324
104	MN10Mar2	MN3Mar8	pre	pre	0.334907188
105	MN8Mar3	MN9Mar1	pre	pre	0.52895154
106	MN8Mar3	MN10Mar9	pre	pre	0.402065897
107	MN8Mar3	MN8Mar2	pre	pre	0.577684218
108	MN8Mar3	MN10Mar8	pre	pre	0.581536469
109	MN8Mar3	MN9Mar3	pre	pre	0.462150783
110	MN8Mar3	MN8Mar1	pre	pre	0.410418123
111	MN8Mar3	MN10Mar4	pre	pre	0.351066187
112	MN8Mar3	MN8Mar6	pre	pre	0.454446282
113	MN8Mar3	MN9Mar7	pre	pre	0.449264493
114	MN8Mar3	MN9Mar2	pre	pre	0.520309544
115	MN8Mar3	MN9Mar6	pre	pre	0.512093681
116	MN8Mar3	MN9Mar8	pre	pre	0.723098164
117	MN8Mar3	MN9Mar4	pre	pre	0.620604428
118	MN8Mar3	MN3Mar8	pre	pre	0.466684848
119	MN8Mar3	MN10Mar2	pre	pre	0.494451736
120	MN8Mar8	MN9Mar1	pre	pre	0.605621559
121	MN8Mar8	MN10Mar9	pre	pre	0.329401537
122	MN8Mar8	MN8Mar2	pre	pre	0.572434248
123	MN8Mar8	MN10Mar8	pre	pre	0.466565531
124	MN8Mar8	MN9Mar3	pre	pre	0.470622326
125	MN8Mar8	MN8Mar1	pre	pre	0.438594099
126	MN8Mar8	MN10Mar4	pre	pre	0.370906983
127	MN8Mar8	MN8Mar6	pre	pre	0.519678865
128	MN8Mar8	MN9Mar7	pre	pre	0.374929688
129	MN8Mar8	MN9Mar2	pre	pre	0.474815484
130	MN8Mar8	MN9Mar6	pre	pre	0.497400583
131	MN8Mar8	MN9Mar8	pre	pre	0.617041949
132	MN8Mar8	MN9Mar4	pre	pre	0.552371862
133	MN8Mar8	MN3Mar8	pre	pre	0.430940733
134	MN8Mar8	MN10Mar2	pre	pre	0.421685104
135	MN8Mar8	MN8Mar3	pre	pre	0.312287998
136	MN8Mar5	MN9Mar1	pre	pre	0.601684081
137	MN8Mar5	MN10Mar9	pre	pre	0.607684047
138	MN8Mar5	MN8Mar2	pre	pre	0.496411952
139	MN8Mar5	MN10Mar8	pre	pre	0.482877938
140	MN8Mar5	MN9Mar3	pre	pre	0.325600423
141	MN8Mar5	MN8Mar1	pre	pre	0.598581826
142	MN8Mar5	MN10Mar4	pre	pre	0.315509571
143	MN8Mar5	MN8Mar6	pre	pre	0.61971807
144	MN8Mar5	MN9Mar7	pre	pre	0.563655888
145	MN8Mar5	MN9Mar2	pre	pre	0.480644996
146	MN8Mar5	MN9Mar6	pre	pre	0.475531389
147	MN8Mar5	MN9Mar8	pre	pre	0.612473793
148	MN8Mar5	MN9Mar4	pre	pre	0.524110658
149	MN8Mar5	MN3Mar8	pre	pre	0.385872808
150	MN8Mar5	MN10Mar2	pre	pre	0.402372714
151	MN8Mar5	MN8Mar3	pre	pre	0.373702422
152	MN8Mar5	MN8Mar8	pre	pre	0.457548537
153	MN9Mar1	MN1Mar13	pre	post	0.346327578
154	MN9Mar1	MN1Mar5	pre	post	0.588712564
155	MN9Mar1	MN28Feb4	pre	post	0.558218419
156	MN9Mar1	MN1Mar9	pre	post	0.724598156
157	MN9Mar1	MN1Mar15	pre	post	0.810813575
158	MN9Mar1	MN3Mar3	pre	post	0.558815007
159	MN9Mar1	MN1Mar3	pre	post	0.385787581
160	MN9Mar1	MN28Feb2	pre	post	0.676206385
161	MN9Mar1	MN28Feb3	pre	post	0.617502173
162	MN9Mar1	MN3Mar7	pre	post	0.588388702
163	MN9Mar1	MN1Mar8	pre	post	0.482656349
164	MN9Mar1	MN1Mar4	pre	post	0.707672115
165	MN9Mar1	MN1Mar6	pre	post	0.552491179
166	MN9Mar1	MN1Mar14	pre	post	0.604309066
167	MN9Mar1	MN1Mar11	pre	post	0.554315032
168	MN9Mar1	MN1Mar12	pre	post	0.484037023
169	MN9Mar1	MN28Feb5	pre	post	0.606968142
170	MN9Mar1	MN28Feb7	pre	post	0.739785569
171	MN10Mar9	MN1Mar13	pre	post	0.478599553
172	MN10Mar9	MN1Mar5	pre	post	0.290810848
173	MN10Mar9	MN28Feb4	pre	post	0.613121516
174	MN10Mar9	MN1Mar9	pre	post	0.619343072
175	MN10Mar9	MN1Mar15	pre	post	0.717353879
176	MN10Mar9	MN3Mar3	pre	post	0.411849933
177	MN10Mar9	MN1Mar3	pre	post	0.251640616
178	MN10Mar9	MN28Feb2	pre	post	0.483917705
179	MN10Mar9	MN28Feb3	pre	post	0.514275487
180	MN10Mar9	MN3Mar7	pre	post	0.479997273
181	MN10Mar9	MN1Mar8	pre	post	0.461826921
182	MN10Mar9	MN1Mar4	pre	post	0.569655854
183	MN10Mar9	MN1Mar6	pre	post	0.280157499
184	MN10Mar9	MN1Mar14	pre	post	0.450764484
185	MN10Mar9	MN1Mar11	pre	post	0.310873234
186	MN10Mar9	MN1Mar12	pre	post	0.413009017
187	MN10Mar9	MN28Feb5	pre	post	0.551280959
188	MN10Mar9	MN28Feb7	pre	post	0.687456321
189	MN8Mar2	MN1Mar13	pre	post	0.385293265
190	MN8Mar2	MN1Mar5	pre	post	0.65261561
191	MN8Mar2	MN28Feb4	pre	post	0.272640496
192	MN8Mar2	MN1Mar9	pre	post	0.587468253
193	MN8Mar2	MN1Mar15	pre	post	0.709172107
194	MN8Mar2	MN3Mar3	pre	post	0.456304226
195	MN8Mar2	MN1Mar3	pre	post	0.555559343
196	MN8Mar2	MN28Feb2	pre	post	0.669405287
197	MN8Mar2	MN28Feb3	pre	post	0.497144903
198	MN8Mar2	MN3Mar7	pre	post	0.423577139
199	MN8Mar2	MN1Mar8	pre	post	0.366083147
200	MN8Mar2	MN1Mar4	pre	post	0.5951898
201	MN8Mar2	MN1Mar6	pre	post	0.519389094
202	MN8Mar2	MN1Mar14	pre	post	0.478054102
203	MN8Mar2	MN1Mar11	pre	post	0.599212504
204	MN8Mar2	MN1Mar12	pre	post	0.393594355
205	MN8Mar2	MN28Feb5	pre	post	0.506588031
206	MN8Mar2	MN28Feb7	pre	post	0.592257999
207	MN10Mar8	MN1Mar13	pre	post	0.696081272
208	MN10Mar8	MN1Mar5	pre	post	0.711166414
209	MN10Mar8	MN28Feb4	pre	post	0.626433941
210	MN10Mar8	MN1Mar9	pre	post	0.22467486
211	MN10Mar8	MN1Mar15	pre	post	0.309833467
212	MN10Mar8	MN3Mar3	pre	post	0.428810064
213	MN10Mar8	MN1Mar3	pre	post	0.65452469
214	MN10Mar8	MN28Feb2	pre	post	0.748751428
215	MN10Mar8	MN28Feb3	pre	post	0.365060426
216	MN10Mar8	MN3Mar7	pre	post	0.458724666
217	MN10Mar8	MN1Mar8	pre	post	0.599502276
218	MN10Mar8	MN1Mar4	pre	post	0.412276067
219	MN10Mar8	MN1Mar6	pre	post	0.662911006
220	MN10Mar8	MN1Mar14	pre	post	0.483014301
221	MN10Mar8	MN1Mar11	pre	post	0.56970699
222	MN10Mar8	MN1Mar12	pre	post	0.547070755
223	MN10Mar8	MN28Feb5	pre	post	0.454974688
224	MN10Mar8	MN28Feb7	pre	post	0.361753626
225	MN9Mar3	MN1Mar13	pre	post	0.566042238
226	MN9Mar3	MN1Mar5	pre	post	0.687098369
227	MN9Mar3	MN28Feb4	pre	post	0.508872109
228	MN9Mar3	MN1Mar9	pre	post	0.313702763
229	MN9Mar3	MN1Mar15	pre	post	0.373617195
230	MN9Mar3	MN3Mar3	pre	post	0.439378185
231	MN9Mar3	MN1Mar3	pre	post	0.59592275
232	MN9Mar3	MN28Feb2	pre	post	0.720217499
233	MN9Mar3	MN28Feb3	pre	post	0.348492338
234	MN9Mar3	MN3Mar7	pre	post	0.393628445
235	MN9Mar3	MN1Mar8	pre	post	0.478309782
236	MN9Mar3	MN1Mar4	pre	post	0.402389759
237	MN9Mar3	MN1Mar6	pre	post	0.592479588
238	MN9Mar3	MN1Mar14	pre	post	0.394225033
239	MN9Mar3	MN1Mar11	pre	post	0.504184635
240	MN9Mar3	MN1Mar12	pre	post	0.43602025
241	MN9Mar3	MN28Feb5	pre	post	0.359162732
242	MN9Mar3	MN28Feb7	pre	post	0.332810609
243	MN8Mar1	MN1Mar13	pre	post	0.497588082
244	MN8Mar1	MN1Mar5	pre	post	0.476537065
245	MN8Mar1	MN28Feb4	pre	post	0.655274686
246	MN8Mar1	MN1Mar9	pre	post	0.54349123
247	MN8Mar1	MN1Mar15	pre	post	0.694683553
248	MN8Mar1	MN3Mar3	pre	post	0.355890023
249	MN8Mar1	MN1Mar3	pre	post	0.295310822
250	MN8Mar1	MN28Feb2	pre	post	0.568922904
251	MN8Mar1	MN28Feb3	pre	post	0.494298328
252	MN8Mar1	MN3Mar7	pre	post	0.52347998
253	MN8Mar1	MN1Mar8	pre	post	0.512826632
254	MN8Mar1	MN1Mar4	pre	post	0.610257896
255	MN8Mar1	MN1Mar6	pre	post	0.483184755
256	MN8Mar1	MN1Mar14	pre	post	0.536860586
257	MN8Mar1	MN1Mar11	pre	post	0.394514804
258	MN8Mar1	MN1Mar12	pre	post	0.447082687
259	MN8Mar1	MN28Feb5	pre	post	0.520207272
260	MN8Mar1	MN28Feb7	pre	post	0.642098624
261	MN10Mar4	MN1Mar13	pre	post	0.340617383
262	MN10Mar4	MN1Mar5	pre	post	0.574991051
263	MN10Mar4	MN28Feb4	pre	post	0.441798626
264	MN10Mar4	MN1Mar9	pre	post	0.418599894
265	MN10Mar4	MN1Mar15	pre	post	0.509451651
266	MN10Mar4	MN3Mar3	pre	post	0.331003801
267	MN10Mar4	MN1Mar3	pre	post	0.446145192
268	MN10Mar4	MN28Feb2	pre	post	0.644655428
269	MN10Mar4	MN28Feb3	pre	post	0.299486935
270	MN10Mar4	MN3Mar7	pre	post	0.374435373
271	MN10Mar4	MN1Mar8	pre	post	0.325668604
272	MN10Mar4	MN1Mar4	pre	post	0.437554332
273	MN10Mar4	MN1Mar6	pre	post	0.443281572
274	MN10Mar4	MN1Mar14	pre	post	0.337770808
275	MN10Mar4	MN1Mar11	pre	post	0.422605553
276	MN10Mar4	MN1Mar12	pre	post	0.302930097
277	MN10Mar4	MN28Feb5	pre	post	0.348748018
278	MN10Mar4	MN28Feb7	pre	post	0.451974705
279	MN8Mar6	MN1Mar13	pre	post	0.394685257
280	MN8Mar6	MN1Mar5	pre	post	0.499957387
281	MN8Mar6	MN28Feb4	pre	post	0.609882898
282	MN8Mar6	MN1Mar9	pre	post	0.694427873
283	MN8Mar6	MN1Mar15	pre	post	0.795353435
284	MN8Mar6	MN3Mar3	pre	post	0.472821177
285	MN8Mar6	MN1Mar3	pre	post	0.299163073
286	MN8Mar6	MN28Feb2	pre	post	0.415378322
287	MN8Mar6	MN28Feb3	pre	post	0.585593264
288	MN8Mar6	MN3Mar7	pre	post	0.582576235
289	MN8Mar6	MN1Mar8	pre	post	0.499497162
290	MN8Mar6	MN1Mar4	pre	post	0.682257487
291	MN8Mar6	MN1Mar6	pre	post	0.455520139
292	MN8Mar6	MN1Mar14	pre	post	0.579235345
293	MN8Mar6	MN1Mar11	pre	post	0.460224658
294	MN8Mar6	MN1Mar12	pre	post	0.41314538
295	MN8Mar6	MN28Feb5	pre	post	0.591286413
296	MN8Mar6	MN28Feb7	pre	post	0.729865171
297	MN9Mar7	MN1Mar13	pre	post	0.581212607
298	MN9Mar7	MN1Mar5	pre	post	0.550479827
299	MN9Mar7	MN28Feb4	pre	post	0.618814666
300	MN9Mar7	MN1Mar9	pre	post	0.50203692
301	MN9Mar7	MN1Mar15	pre	post	0.525116335
302	MN9Mar7	MN3Mar3	pre	post	0.403685206
303	MN9Mar7	MN1Mar3	pre	post	0.454974688
304	MN9Mar7	MN28Feb2	pre	post	0.622445327
305	MN9Mar7	MN28Feb3	pre	post	0.407656775
306	MN9Mar7	MN3Mar7	pre	post	0.466616667
307	MN9Mar7	MN1Mar8	pre	post	0.511786865
308	MN9Mar7	MN1Mar4	pre	post	0.566672917
309	MN9Mar7	MN1Mar6	pre	post	0.514309578
310	MN9Mar7	MN1Mar14	pre	post	0.52395725
311	MN9Mar7	MN1Mar11	pre	post	0.458093988
312	MN9Mar7	MN1Mar12	pre	post	0.463684865
313	MN9Mar7	MN28Feb5	pre	post	0.517923194
314	MN9Mar7	MN28Feb7	pre	post	0.608655633
315	MN9Mar2	MN1Mar13	pre	post	0.433991852
316	MN9Mar2	MN1Mar5	pre	post	0.59827501
317	MN9Mar2	MN28Feb4	pre	post	0.381219425
318	MN9Mar2	MN1Mar9	pre	post	0.502411918
319	MN9Mar2	MN1Mar15	pre	post	0.636183885
320	MN9Mar2	MN3Mar3	pre	post	0.392707996
321	MN9Mar2	MN1Mar3	pre	post	0.477406378
322	MN9Mar2	MN28Feb2	pre	post	0.628104386
323	MN9Mar2	MN28Feb3	pre	post	0.436872518
324	MN9Mar2	MN3Mar7	pre	post	0.283225663
325	MN9Mar2	MN1Mar8	pre	post	0.308401657
326	MN9Mar2	MN1Mar4	pre	post	0.523309527
327	MN9Mar2	MN1Mar6	pre	post	0.42504304
328	MN9Mar2	MN1Mar14	pre	post	0.413281743
329	MN9Mar2	MN1Mar11	pre	post	0.538667394
330	MN9Mar2	MN1Mar12	pre	post	0.337566264
331	MN9Mar2	MN28Feb5	pre	post	0.423048733
332	MN9Mar2	MN28Feb7	pre	post	0.511088005
333	MN9Mar6	MN1Mar13	pre	post	0.367446776
334	MN9Mar6	MN1Mar5	pre	post	0.593382992
335	MN9Mar6	MN28Feb4	pre	post	0.370327441
336	MN9Mar6	MN1Mar9	pre	post	0.515417526
337	MN9Mar6	MN1Mar15	pre	post	0.65977466
338	MN9Mar6	MN3Mar3	pre	post	0.371401299
339	MN9Mar6	MN1Mar3	pre	post	0.501696013
340	MN9Mar6	MN28Feb2	pre	post	0.640530452
341	MN9Mar6	MN28Feb3	pre	post	0.467895069
342	MN9Mar6	MN3Mar7	pre	post	0.298839211
343	MN9Mar6	MN1Mar8	pre	post	0.285987011
344	MN9Mar6	MN1Mar4	pre	post	0.55659911
345	MN9Mar6	MN1Mar6	pre	post	0.447133823
346	MN9Mar6	MN1Mar14	pre	post	0.415037415
347	MN9Mar6	MN1Mar11	pre	post	0.542349191
348	MN9Mar6	MN1Mar12	pre	post	0.375781956
349	MN9Mar6	MN28Feb5	pre	post	0.472173454
350	MN9Mar6	MN28Feb7	pre	post	0.543525321
351	MN9Mar8	MN1Mar13	pre	post	0.784495543
352	MN9Mar8	MN1Mar5	pre	post	0.7648252
353	MN9Mar8	MN28Feb4	pre	post	0.714251624
354	MN9Mar8	MN1Mar9	pre	post	0.442139533
355	MN9Mar8	MN1Mar15	pre	post	0.341623059
356	MN9Mar8	MN3Mar3	pre	post	0.618218078
357	MN9Mar8	MN1Mar3	pre	post	0.723575434
358	MN9Mar8	MN28Feb2	pre	post	0.82988733
359	MN9Mar8	MN28Feb3	pre	post	0.504014182
360	MN9Mar8	MN3Mar7	pre	post	0.568360407
361	MN9Mar8	MN1Mar8	pre	post	0.711660729
362	MN9Mar8	MN1Mar4	pre	post	0.347367345
363	MN9Mar8	MN1Mar6	pre	post	0.747643479
364	MN9Mar8	MN1Mar14	pre	post	0.572672883
365	MN9Mar8	MN1Mar11	pre	post	0.643445208
366	MN9Mar8	MN1Mar12	pre	post	0.690916529
367	MN9Mar8	MN28Feb5	pre	post	0.591883001
368	MN9Mar8	MN28Feb7	pre	post	0.521042494
369	MN9Mar4	MN1Mar13	pre	post	0.517667513
370	MN9Mar4	MN1Mar5	pre	post	0.655462185
371	MN9Mar4	MN28Feb4	pre	post	0.432338453
372	MN9Mar4	MN1Mar9	pre	post	0.401776126
373	MN9Mar4	MN1Mar15	pre	post	0.55300254
374	MN9Mar4	MN3Mar3	pre	post	0.458843984
375	MN9Mar4	MN1Mar3	pre	post	0.562462713
376	MN9Mar4	MN28Feb2	pre	post	0.679564321
377	MN9Mar4	MN28Feb3	pre	post	0.436633883
378	MN9Mar4	MN3Mar7	pre	post	0.328208362
379	MN9Mar4	MN1Mar8	pre	post	0.375747865
380	MN9Mar4	MN1Mar4	pre	post	0.466429168
381	MN9Mar4	MN1Mar6	pre	post	0.506417577
382	MN9Mar4	MN1Mar14	pre	post	0.355054801
383	MN9Mar4	MN1Mar11	pre	post	0.610036307
384	MN9Mar4	MN1Mar12	pre	post	0.479588184
385	MN9Mar4	MN28Feb5	pre	post	0.545195766
386	MN9Mar4	MN28Feb7	pre	post	0.509332333
387	MN3Mar8	MN1Mar13	pre	post	0.536621951
388	MN3Mar8	MN1Mar5	pre	post	0.655019006
389	MN3Mar8	MN28Feb4	pre	post	0.43102596
390	MN3Mar8	MN1Mar9	pre	post	0.299469889
391	MN3Mar8	MN1Mar15	pre	post	0.474014352
392	MN3Mar8	MN3Mar3	pre	post	0.367702456
393	MN3Mar8	MN1Mar3	pre	post	0.53658786
394	MN3Mar8	MN28Feb2	pre	post	0.692927881
395	MN3Mar8	MN28Feb3	pre	post	0.310822098
396	MN3Mar8	MN3Mar7	pre	post	0.288816541
397	MN3Mar8	MN1Mar8	pre	post	0.39100346
398	MN3Mar8	MN1Mar4	pre	post	0.403906796
399	MN3Mar8	MN1Mar6	pre	post	0.514428895
400	MN3Mar8	MN1Mar14	pre	post	0.342526463
401	MN3Mar8	MN1Mar11	pre	post	0.540269658
402	MN3Mar8	MN1Mar12	pre	post	0.383963727
403	MN3Mar8	MN28Feb5	pre	post	0.405884057
404	MN3Mar8	MN28Feb7	pre	post	0.345015085
405	MN10Mar2	MN1Mar13	pre	post	0.650058806
406	MN10Mar2	MN1Mar5	pre	post	0.695075596
407	MN10Mar2	MN28Feb4	pre	post	0.592820495
408	MN10Mar2	MN1Mar9	pre	post	0.234833893
409	MN10Mar2	MN1Mar15	pre	post	0.310515281
410	MN10Mar2	MN3Mar3	pre	post	0.468576883
411	MN10Mar2	MN1Mar3	pre	post	0.614229465
412	MN10Mar2	MN28Feb2	pre	post	0.749825285
413	MN10Mar2	MN28Feb3	pre	post	0.311793683
414	MN10Mar2	MN3Mar7	pre	post	0.409548809
415	MN10Mar2	MN1Mar8	pre	post	0.52061636
416	MN10Mar2	MN1Mar4	pre	post	0.354372987
417	MN10Mar2	MN1Mar6	pre	post	0.618201033
418	MN10Mar2	MN1Mar14	pre	post	0.437111153
419	MN10Mar2	MN1Mar11	pre	post	0.495167641
420	MN10Mar2	MN1Mar12	pre	post	0.521144766
421	MN10Mar2	MN28Feb5	pre	post	0.429764604
422	MN10Mar2	MN28Feb7	pre	post	0.289617673
423	MN8Mar3	MN1Mar13	pre	post	0.505889171
424	MN8Mar3	MN1Mar5	pre	post	0.516286839
425	MN8Mar3	MN28Feb4	pre	post	0.623416912
426	MN8Mar3	MN1Mar9	pre	post	0.530979938
427	MN8Mar3	MN1Mar15	pre	post	0.586990983
428	MN8Mar3	MN3Mar3	pre	post	0.427293027
429	MN8Mar3	MN1Mar3	pre	post	0.404776109
430	MN8Mar3	MN28Feb2	pre	post	0.635672525
431	MN8Mar3	MN28Feb3	pre	post	0.397242061
432	MN8Mar3	MN3Mar7	pre	post	0.54180374
433	MN8Mar3	MN1Mar8	pre	post	0.490667667
434	MN8Mar3	MN1Mar4	pre	post	0.556190022
435	MN8Mar3	MN1Mar6	pre	post	0.481480219
436	MN8Mar3	MN1Mar14	pre	post	0.521945898
437	MN8Mar3	MN1Mar11	pre	post	0.349054835
438	MN8Mar3	MN1Mar12	pre	post	0.347827569
439	MN8Mar3	MN28Feb5	pre	post	0.33427651
440	MN8Mar3	MN28Feb7	pre	post	0.451326981
441	MN8Mar8	MN1Mar13	pre	post	0.578792166
442	MN8Mar8	MN1Mar5	pre	post	0.391276186
443	MN8Mar8	MN28Feb4	pre	post	0.601172721
444	MN8Mar8	MN1Mar9	pre	post	0.433821399
445	MN8Mar8	MN1Mar15	pre	post	0.490446077
446	MN8Mar8	MN3Mar3	pre	post	0.32785041
447	MN8Mar8	MN1Mar3	pre	post	0.390645508
448	MN8Mar8	MN28Feb2	pre	post	0.506281214
449	MN8Mar8	MN28Feb3	pre	post	0.344810541
450	MN8Mar8	MN3Mar7	pre	post	0.423406685
451	MN8Mar8	MN1Mar8	pre	post	0.474781393
452	MN8Mar8	MN1Mar4	pre	post	0.497230129
453	MN8Mar8	MN1Mar6	pre	post	0.346736666
454	MN8Mar8	MN1Mar14	pre	post	0.459253072
455	MN8Mar8	MN1Mar11	pre	post	0.324679973
456	MN8Mar8	MN1Mar12	pre	post	0.351066187
457	MN8Mar8	MN28Feb5	pre	post	0.374264919
458	MN8Mar8	MN28Feb7	pre	post	0.492815382
459	MN8Mar5	MN1Mar13	pre	post	0.494264237
460	MN8Mar5	MN1Mar5	pre	post	0.696251726
461	MN8Mar5	MN28Feb4	pre	post	0.52465611
462	MN8Mar5	MN1Mar9	pre	post	0.447287231
463	MN8Mar5	MN1Mar15	pre	post	0.482843847
464	MN8Mar5	MN3Mar3	pre	post	0.425247584
465	MN8Mar5	MN1Mar3	pre	post	0.607257913
466	MN8Mar5	MN28Feb2	pre	post	0.71815501
467	MN8Mar5	MN28Feb3	pre	post	0.331958341
468	MN8Mar5	MN3Mar7	pre	post	0.476707519
469	MN8Mar5	MN1Mar8	pre	post	0.510065284
470	MN8Mar5	MN1Mar4	pre	post	0.459900796
471	MN8Mar5	MN1Mar6	pre	post	0.577513764
472	MN8Mar5	MN1Mar14	pre	post	0.416094227
473	MN8Mar5	MN1Mar11	pre	post	0.48463361
474	MN8Mar5	MN1Mar12	pre	post	0.421804422
475	MN8Mar5	MN28Feb5	pre	post	0.284469975
476	MN8Mar5	MN28Feb7	pre	post	0.27949273
